<?xml version="1.0" encoding="UTF-8"?>
<project-private xmlns="http://www.netbeans.org/ns/project-private/1">
    <editor-bookmarks xmlns="http://www.netbeans.org/ns/editor-bookmarks/2" lastBookmarkId="0"/>
    <open-files xmlns="http://www.netbeans.org/ns/projectui-open-files/2">
        <group>
            <file>file:/C:/Users/Meredith%20Vitan/Documents/NetBeansProjects/Q2AA2_Tau_Badong,%20Reccion,%20Vitan/src/q2aa2_tau_badong/reccion/vitan/DisposableTool.java</file>
            <file>file:/C:/Users/Meredith%20Vitan/Documents/NetBeansProjects/Q2AA2_Tau_Badong,%20Reccion,%20Vitan/src/q2aa2_tau_badong/reccion/vitan/Player.java</file>
            <file>file:/C:/Users/Meredith%20Vitan/Documents/NetBeansProjects/Q2AA2_Tau_Badong,%20Reccion,%20Vitan/src/q2aa2_tau_badong/reccion/vitan/Obstacle.java</file>
            <file>file:/C:/Users/Meredith%20Vitan/Documents/NetBeansProjects/Q2AA2_Tau_Badong,%20Reccion,%20Vitan/src/q2aa2_tau_badong/reccion/vitan/ReusableTool.java</file>
            <file>file:/C:/Users/Meredith%20Vitan/Documents/NetBeansProjects/Q2AA2_Tau_Badong,%20Reccion,%20Vitan/src/q2aa2_tau_badong/reccion/vitan/Family.java</file>
            <file>file:/C:/Users/Meredith%20Vitan/Documents/NetBeansProjects/Q2AA2_Tau_Badong,%20Reccion,%20Vitan/src/q2aa2_tau_badong/reccion/vitan/Tool.java</file>
        </group>
    </open-files>
</project-private>
